Workbook

Sheet Read Me
B2: IT Team — Daily Time Utilization Tracker
B3: Manager dashboard to track how each team member's day is spent across tasks
B5: How this workbook is organised
B6: 1. Team Master List your 5 team members and their roles here. Replace the sample rows with real names. This list feeds the dropdowns in the Daily Time Log sheet.
B7: 2. Task Categories Standard list of IT activities (server maintenance, ticketing, procurement, etc.). Add/remove categories to match how your team actually works.
B8: 3. Daily Time Log Each team member (or you, on their behalf) logs one row per task per day: date, name, category, description, start/end time. Hours are calculated automatically.
B9: 4. Dashboard Set the Report Month/Year and Working Days at the top. All totals, utilization %, and charts recalculate automatically from the Daily Time Log.
B10: How to use it day to day
B11: Option A — Self-logging Share the file (or a shared copy) and have each engineer add their own rows in Daily Time Log at the end of the day, or across the day as tasks change.
B12: Option B — Manager-logged If your team uses a ticketing tool, you (or a helpdesk export) can paste task/time data into Daily Time Log instead.
B13: Colour legend
B14: Yellow cells Cells you are meant to type into (inputs like Report Month, Working Days).
... B20: • The 'Working Days in Month' cell on the Dashboard drives utilization % — update it monthly (weekdays minus holidays/leave).

Sheet Team Master
A1: Replace the blue 'Enter Name' cells with your real team members. Do not delete rows — add more below row 7 if your team grows (and extend the named ranges).
A2: Employee ID | B2: Employee Name | C2: Role | D2: Email (optional) | E2: Date Joined (optional)
A3: EMP001 | B3: Aftab Shaikh | C3: Linux Administrator | D3: name@company.com
A4: EMP002 | B4: Shakti Thakur | C4: Windows and Network Administrator | D4: name@company.com
A5: EMP003 | B5: Soheb Shaikh | C5: System Administrator | D5: name@company.com
A6: EMP004 | B6: Shubham Hawdiya | C6: Desktop Support Engineer | D6: name@company.com
A7: EMP005 | B7: Paras Lodaya | C7: System Administrator (Purchase, Repair, etc.) | D7: name@company.com

Sheet Task Categories
A1: Standard task categories — edit this list to match your team's real work. The Daily Time Log dropdown pulls from column A below.
A2: Task Category | B2: Typical Roles
A3: Server Maintenance | B3: Linux Admin, System Admin
A4: Network Monitoring / Troubleshooting | B4: Windows & Network Admin
A5: Patch Management / Updates | B5: Linux Admin, Windows & Network Admin
A6: Backup & Recovery | B6: Linux Admin, System Admin
A7: User / Desktop Support (Tickets) | B7: Desktop Support Engineer
A8: Hardware Repair & Installation | B8: Desktop Support Engineer, System Admin (Purchase/Repair)
A9: Procurement / Purchase Coordination | B9: System Admin (Purchase/Repair)
A10: Vendor Coordination | B10: System Admin (Purchase/Repair)
A11: Security / Antivirus Management | B11: All
A12: Active Directory / User Management | B12: Windows & Network Admin, System Admin
A13: Documentation / SOP Updates | B13: All
... A17: Other / Miscellaneous | B17: All

Sheet Daily Time Log
A1: Daily Time Log — one row per task. Times are 24-hr (e.g. 09:30, 14:00). Hours Spent calculates automatically.
A3: Date | B3: Employee Name | C3: Role | D3: Task Category | E3: Task Description | F3: Start Time | G3: End Time | H3: Hours Spent | I3: Status | J3: Remarks
A4: 46266 | B4: Enter Name 1 | C4: =IFERROR(INDEX('Team Master'!$C$3:$C$200,MATCH(B4,'Team Master'!$B$3:$B$200,0)),"") | D4: Server Maintenance | E4: EXAMPLE — Monthly patch update on prod Linux servers | F4: 09:30 | G4: 11:00 | H4: =IF(AND(F4<>"",G4<>""),ROUND((G4-F4)*24,2),0) -> 1.5 | I4: Completed | J4: Sample row — delete or overwrite
A5: 46266 | B5: Enter Name 2 | C5: =IFERROR(INDEX('Team Master'!$C$3:$C$200,MATCH(B5,'Team Master'!$B$3:$B$200,0)),"") | D5: Network Monitoring / Troubleshooting | E5: EXAMPLE — WAN link flapping investigation | F5: 09:00 | G5: 10:15 | H5: =IF(AND(F5<>"",G5<>""),ROUND((G5-F5)*24,2),0) -> 1.25 | I5: Completed | J5: Sample row — delete or overwrite
A6: 46266 | B6: Enter Name 4 | C6: =IFERROR(INDEX('Team Master'!$C$3:$C$200,MATCH(B6,'Team Master'!$B$3:$B$200,0)),"") | D6: User / Desktop Support (Tickets) | E6: EXAMPLE — Laptop OS reinstall for Finance user | F6: 09:15 | G6: 11:45 | H6: =IF(AND(F6<>"",G6<>""),ROUND((G6-F6)*24,2),0) -> 2.5 | I6: Completed | J6: Sample row — delete or overwrite
A7: 46266 | B7: Enter Name 5 | C7: =IFERROR(INDEX('Team Master'!$C$3:$C$200,MATCH(B7,'Team Master'!$B$3:$B$200,0)),"") | D7: Procurement / Purchase Coordination | E7: EXAMPLE — Vendor quotes for new switches | F7: 10:00 | G7: 12:30 | H7: =IF(AND(F7<>"",G7<>""),ROUND((G7-F7)*24,2),0) -> 2.5 | I7: In Progress | J7: Sample row — delete or overwrite
A8: 46267 | B8: Enter Name 3 | C8: =IFERROR(INDEX('Team Master'!$C$3:$C$200,MATCH(B8,'Team Master'!$B$3:$B$200,0)),"") | D8: Backup & Recovery | E8: EXAMPLE — Verify overnight backup job | F8: 09:00 | G8: 09:45 | H8: =IF(AND(F8<>"",G8<>""),ROUND((G8-F8)*24,2),0) -> 0.75 | I8: Completed | J8: Sample row — delete or overwrite
A9: 46267 | B9: Enter Name 1 | C9: =IFERROR(INDEX('Team Master'!$C$3:$C$200,MATCH(B9,'Team Master'!$B$3:$B$200,0)),"") | D9: Meetings / Reporting | E9: EXAMPLE — Daily standup + status report | F9: 17:00 | G9: 17:30 | H9: =IF(AND(F9<>"",G9<>""),ROUND((G9-F9)*24,2),0) -> 0.5 | I9: Completed | J9: Sample row — delete or overwrite
C10: =IFERROR(INDEX('Team Master'!$C$3:$C$200,MATCH(B10,'Team Master'!$B$3:$B$200,0)),"") | H10: =IF(AND(F10<>"",G10<>""),ROUND((G10-F10)*24,2),0) -> 0
C11: =IFERROR(INDEX('Team Master'!$C$3:$C$200,MATCH(B11,'Team Master'!$B$3:$B$200,0)),"") | H11: =IF(AND(F11<>"",G11<>""),ROUND((G11-F11)*24,2),0) -> 0
C12: =IFERROR(INDEX('Team Master'!$C$3:$C$200,MATCH(B12,'Team Master'!$B$3:$B$200,0)),"") | H12: =IF(AND(F12<>"",G12<>""),ROUND((G12-F12)*24,2),0) -> 0
C13: =IFERROR(INDEX('Team Master'!$C$3:$C$200,MATCH(B13,'Team Master'!$B$3:$B$200,0)),"") | H13: =IF(AND(F13<>"",G13<>""),ROUND((G13-F13)*24,2),0) -> 0
C14: =IFERROR(INDEX('Team Master'!$C$3:$C$200,MATCH(B14,'Team Master'!$B$3:$B$200,0)),"") | H14: =IF(AND(F14<>"",G14<>""),ROUND((G14-F14)*24,2),0) -> 0
C15: =IFERROR(INDEX('Team Master'!$C$3:$C$200,MATCH(B15,'Team Master'!$B$3:$B$200,0)),"") | H15: =IF(AND(F15<>"",G15<>""),ROUND((G15-F15)*24,2),0) -> 0
C16: =IFERROR(INDEX('Team Master'!$C$3:$C$200,MATCH(B16,'Team Master'!$B$3:$B$200,0)),"") | H16: =IF(AND(F16<>"",G16<>""),ROUND((G16-F16)*24,2),0) -> 0
C17: =IFERROR(INDEX('Team Master'!$C$3:$C$200,MATCH(B17,'Team Master'!$B$3:$B$200,0)),"") | H17: =IF(AND(F17<>"",G17<>""),ROUND((G17-F17)*24,2),0) -> 0
C18: =IFERROR(INDEX('Team Master'!$C$3:$C$200,MATCH(B18,'Team Master'!$B$3:$B$200,0)),"") | H18: =IF(AND(F18<>"",G18<>""),ROUND((G18-F18)*24,2),0) -> 0
C19: =IFERROR(INDEX('Team Master'!$C$3:$C$200,MATCH(B19,'Team Master'!$B$3:$B$200,0)),"") | H19: =IF(AND(F19<>"",G19<>""),ROUND((G19-F19)*24,2),0) -> 0
C20: =IFERROR(INDEX('Team Master'!$C$3:$C$200,MATCH(B20,'Team Master'!$B$3:$B$200,0)),"") | H20: =IF(AND(F20<>"",G20<>""),ROUND((G20-F20)*24,2),0) -> 0
C21: =IFERROR(INDEX('Team Master'!$C$3:$C$200,MATCH(B21,'Team Master'!$B$3:$B$200,0)),"") | H21: =IF(AND(F21<>"",G21<>""),ROUND((G21-F21)*24,2),0) -> 0
... C404: =IFERROR(INDEX('Team Master'!$C$3:$C$200,MATCH(B404,'Team Master'!$B$3:$B$200,0)),"") | H404: =IF(AND(F404<>"",G404<>""),ROUND((G404-F404)*24,2),0) -> 0

Sheet Dashboard
B2: IT Team — Time Utilization Dashboard
B3: All figures pull automatically from the Daily Time Log sheet for the selected month.
B5: Report Month (1-12): | D5: 9 | E5: Report Year: | F5: 2026 | G5: Working Days in Month: | I5: 22
G6: Standard Hours / Day: | I6: 8
B8: Total Hours Logged (Month) | D8: Total Tasks Logged (Month) | F8: Avg Hours / Person / Day | H8: Team Utilization %
B9: =SUMPRODUCT(('Daily Time Log'!$A$4:$A$404>=DATE($F$5,$D$5,1))*('Daily Time Log'!$A$4:$A$404<DATE($F$5,$D$5+1,1))*('Daily Time Log'!$H$4:$H$404)) -> 9 | D9: =SUMPRODUCT(('Daily Time Log'!$A$4:$A$404>=DATE($F$5,$D$5,1))*('Daily Time Log'!$A$4:$A$404<DATE($F$5,$D$5+1,1))*('Daily Time Log'!$A$4:$A$404<>"")) -> 6 | F9: =IFERROR(B9/(5*I5),0) -> 0.081818182 | H9: =IFERROR(B9/(5*I5*I6),0) -> 0.010227273
B11: Hours by Employee | I11: Hours by Task Category
B12: Employee Name | C12: Role | D12: Total Hours | E12: Tasks Logged | F12: Avg Hrs/Day | G12: Utilization % | I12: Task Category | J12: Total Hours | K12: % of Total
B13: ='Team Master'!B3 -> Aftab Shaikh | C13: ='Team Master'!C3 -> Linux Administrator | D13: =SUMPRODUCT(('Daily Time Log'!$A$4:$A$404>=DATE($F$5,$D$5,1))*('Daily Time Log'!$A$4:$A$404<DATE($F$5,$D$5+1,1))*('Daily Time Log'!$B$4:$B$404=$B13)*'Daily Time Log'!$H$4:$H$404) -> 0 | E13: =SUMPRODUCT(('Daily Time Log'!$A$4:$A$404>=DATE($F$5,$D$5,1))*('Daily Time Log'!$A$4:$A$404<DATE($F$5,$D$5+1,1))*('Daily Time Log'!$B$4:$B$404=$B13)*1) -> 0 | F13: =IFERROR(D13/$I$5,0) -> 0 | G13: =IFERROR(D13/($I$5*$I$6),0) -> 0 | I13: ='Task Categories'!A3 -> Server Maintenance | J13: =SUMPRODUCT(('Daily Time Log'!$A$4:$A$404>=DATE($F$5,$D$5,1))*('Daily Time Log'!$A$4:$A$404<DATE($F$5,$D$5+1,1))*('Daily Time Log'!$D$4:$D$404=$I13)*'Daily Time Log'!$H$4:$H$404) -> 1.5 | K13: =IFERROR(J13/$B$9,0) -> 0.16666667
B14: ='Team Master'!B4 -> Shakti Thakur | C14: ='Team Master'!C4 -> Windows and Network Administrator | D14: =SUMPRODUCT(('Daily Time Log'!$A$4:$A$404>=DATE($F$5,$D$5,1))*('Daily Time Log'!$A$4:$A$404<DATE($F$5,$D$5+1,1))*('Daily Time Log'!$B$4:$B$404=$B14)*'Daily Time Log'!$H$4:$H$404) -> 0 | E14: =SUMPRODUCT(('Daily Time Log'!$A$4:$A$404>=DATE($F$5,$D$5,1))*('Daily Time Log'!$A$4:$A$404<DATE($F$5,$D$5+1,1))*('Daily Time Log'!$B$4:$B$404=$B14)*1) -> 0 | F14: =IFERROR(D14/$I$5,0) -> 0 | G14: =IFERROR(D14/($I$5*$I$6),0) -> 0 | I14: ='Task Categories'!A4 -> Network Monitoring / Troubleshooting | J14: =SUMPRODUCT(('Daily Time Log'!$A$4:$A$404>=DATE($F$5,$D$5,1))*('Daily Time Log'!$A$4:$A$404<DATE($F$5,$D$5+1,1))*('Daily Time Log'!$D$4:$D$404=$I14)*'Daily Time Log'!$H$4:$H$404) -> 1.25 | K14: =IFERROR(J14/$B$9,0) -> 0.13888889
B15: ='Team Master'!B5 -> Soheb Shaikh | C15: ='Team Master'!C5 -> System Administrator | D15: =SUMPRODUCT(('Daily Time Log'!$A$4:$A$404>=DATE($F$5,$D$5,1))*('Daily Time Log'!$A$4:$A$404<DATE($F$5,$D$5+1,1))*('Daily Time Log'!$B$4:$B$404=$B15)*'Daily Time Log'!$H$4:$H$404) -> 0 | E15: =SUMPRODUCT(('Daily Time Log'!$A$4:$A$404>=DATE($F$5,$D$5,1))*('Daily Time Log'!$A$4:$A$404<DATE($F$5,$D$5+1,1))*('Daily Time Log'!$B$4:$B$404=$B15)*1) -> 0 | F15: =IFERROR(D15/$I$5,0) -> 0 | G15: =IFERROR(D15/($I$5*$I$6),0) -> 0 | I15: ='Task Categories'!A5 -> Patch Management / Updates | J15: =SUMPRODUCT(('Daily Time Log'!$A$4:$A$404>=DATE($F$5,$D$5,1))*('Daily Time Log'!$A$4:$A$404<DATE($F$5,$D$5+1,1))*('Daily Time Log'!$D$4:$D$404=$I15)*'Daily Time Log'!$H$4:$H$404) -> 0 | K15: =IFERROR(J15/$B$9,0) -> 0
B16: ='Team Master'!B6 -> Shubham Hawdiya | C16: ='Team Master'!C6 -> Desktop Support Engineer | D16: =SUMPRODUCT(('Daily Time Log'!$A$4:$A$404>=DATE($F$5,$D$5,1))*('Daily Time Log'!$A$4:$A$404<DATE($F$5,$D$5+1,1))*('Daily Time Log'!$B$4:$B$404=$B16)*'Daily Time Log'!$H$4:$H$404) -> 0 | E16: =SUMPRODUCT(('Daily Time Log'!$A$4:$A$404>=DATE($F$5,$D$5,1))*('Daily Time Log'!$A$4:$A$404<DATE($F$5,$D$5+1,1))*('Daily Time Log'!$B$4:$B$404=$B16)*1) -> 0 | F16: =IFERROR(D16/$I$5,0) -> 0 | G16: =IFERROR(D16/($I$5*$I$6),0) -> 0 | I16: ='Task Categories'!A6 -> Backup & Recovery | J16: =SUMPRODUCT(('Daily Time Log'!$A$4:$A$404>=DATE($F$5,$D$5,1))*('Daily Time Log'!$A$4:$A$404<DATE($F$5,$D$5+1,1))*('Daily Time Log'!$D$4:$D$404=$I16)*'Daily Time Log'!$H$4:$H$404) -> 0.75 | K16: =IFERROR(J16/$B$9,0) -> 0.083333333
B17: ='Team Master'!B7 -> Paras Lodaya | C17: ='Team Master'!C7 -> System Administrator (Purchase, Repair, etc.) | D17: =SUMPRODUCT(('Daily Time Log'!$A$4:$A$404>=DATE($F$5,$D$5,1))*('Daily Time Log'!$A$4:$A$404<DATE($F$5,$D$5+1,1))*('Daily Time Log'!$B$4:$B$404=$B17)*'Daily Time Log'!$H$4:$H$404) -> 0 | E17: =SUMPRODUCT(('Daily Time Log'!$A$4:$A$404>=DATE($F$5,$D$5,1))*('Daily Time Log'!$A$4:$A$404<DATE($F$5,$D$5+1,1))*('Daily Time Log'!$B$4:$B$404=$B17)*1) -> 0 | F17: =IFERROR(D17/$I$5,0) -> 0 | G17: =IFERROR(D17/($I$5*$I$6),0) -> 0 | I17: ='Task Categories'!A7 -> User / Desktop Support (Tickets) | J17: =SUMPRODUCT(('Daily Time Log'!$A$4:$A$404>=DATE($F$5,$D$5,1))*('Daily Time Log'!$A$4:$A$404<DATE($F$5,$D$5+1,1))*('Daily Time Log'!$D$4:$D$404=$I17)*'Daily Time Log'!$H$4:$H$404) -> 2.5 | K17: =IFERROR(J17/$B$9,0) -> 0.27777778
I18: ='Task Categories'!A8 -> Hardware Repair & Installation | J18: =SUMPRODUCT(('Daily Time Log'!$A$4:$A$404>=DATE($F$5,$D$5,1))*('Daily Time Log'!$A$4:$A$404<DATE($F$5,$D$5+1,1))*('Daily Time Log'!$D$4:$D$404=$I18)*'Daily Time Log'!$H$4:$H$404) -> 0 | K18: =IFERROR(J18/$B$9,0) -> 0
I19: ='Task Categories'!A9 -> Procurement / Purchase Coordination | J19: =SUMPRODUCT(('Daily Time Log'!$A$4:$A$404>=DATE($F$5,$D$5,1))*('Daily Time Log'!$A$4:$A$404<DATE($F$5,$D$5+1,1))*('Daily Time Log'!$D$4:$D$404=$I19)*'Daily Time Log'!$H$4:$H$404) -> 2.5 | K19: =IFERROR(J19/$B$9,0) -> 0.27777778
I20: ='Task Categories'!A10 -> Vendor Coordination | J20: =SUMPRODUCT(('Daily Time Log'!$A$4:$A$404>=DATE($F$5,$D$5,1))*('Daily Time Log'!$A$4:$A$404<DATE($F$5,$D$5+1,1))*('Daily Time Log'!$D$4:$D$404=$I20)*'Daily Time Log'!$H$4:$H$404) -> 0 | K20: =IFERROR(J20/$B$9,0) -> 0
I21: ='Task Categories'!A11 -> Security / Antivirus Management | J21: =SUMPRODUCT(('Daily Time Log'!$A$4:$A$404>=DATE($F$5,$D$5,1))*('Daily Time Log'!$A$4:$A$404<DATE($F$5,$D$5+1,1))*('Daily Time Log'!$D$4:$D$404=$I21)*'Daily Time Log'!$H$4:$H$404) -> 0 | K21: =IFERROR(J21/$B$9,0) -> 0
I22: ='Task Categories'!A12 -> Active Directory / User Management | J22: =SUMPRODUCT(('Daily Time Log'!$A$4:$A$404>=DATE($F$5,$D$5,1))*('Daily Time Log'!$A$4:$A$404<DATE($F$5,$D$5+1,1))*('Daily Time Log'!$D$4:$D$404=$I22)*'Daily Time Log'!$H$4:$H$404) -> 0 | K22: =IFERROR(J22/$B$9,0) -> 0
I23: ='Task Categories'!A13 -> Documentation / SOP Updates | J23: =SUMPRODUCT(('Daily Time Log'!$A$4:$A$404>=DATE($F$5,$D$5,1))*('Daily Time Log'!$A$4:$A$404<DATE($F$5,$D$5+1,1))*('Daily Time Log'!$D$4:$D$404=$I23)*'Daily Time Log'!$H$4:$H$404) -> 0 | K23: =IFERROR(J23/$B$9,0) -> 0
I24: ='Task Categories'!A14 -> Meetings / Reporting | J24: =SUMPRODUCT(('Daily Time Log'!$A$4:$A$404>=DATE($F$5,$D$5,1))*('Daily Time Log'!$A$4:$A$404<DATE($F$5,$D$5+1,1))*('Daily Time Log'!$D$4:$D$404=$I24)*'Daily Time Log'!$H$4:$H$404) -> 0.5 | K24: =IFERROR(J24/$B$9,0) -> 0.055555556
I25: ='Task Categories'!A15 -> Email / Admin Tasks | J25: =SUMPRODUCT(('Daily Time Log'!$A$4:$A$404>=DATE($F$5,$D$5,1))*('Daily Time Log'!$A$4:$A$404<DATE($F$5,$D$5+1,1))*('Daily Time Log'!$D$4:$D$404=$I25)*'Daily Time Log'!$H$4:$H$404) -> 0 | K25: =IFERROR(J25/$B$9,0) -> 0
I26: ='Task Categories'!A16 -> Training / Self-learning | J26: =SUMPRODUCT(('Daily Time Log'!$A$4:$A$404>=DATE($F$5,$D$5,1))*('Daily Time Log'!$A$4:$A$404<DATE($F$5,$D$5+1,1))*('Daily Time Log'!$D$4:$D$404=$I26)*'Daily Time Log'!$H$4:$H$404) -> 0 | K26: =IFERROR(J26/$B$9,0) -> 0
I27: ='Task Categories'!A17 -> Other / Miscellaneous | J27: =SUMPRODUCT(('Daily Time Log'!$A$4:$A$404>=DATE($F$5,$D$5,1))*('Daily Time Log'!$A$4:$A$404<DATE($F$5,$D$5+1,1))*('Daily Time Log'!$D$4:$D$404=$I27)*'Daily Time Log'!$H$4:$H$404) -> 0 | K27: =IFERROR(J27/$B$9,0) -> 0
B48: Daily Hours Trend (selected month)
B49: Day | C49: Date | D49: Total Hours
B50: 1 | C50: =IFERROR(DATE($F$5,$D$5,B50),"") -> 46266 | D50: =IF(C50="","",SUMIFS('Daily Time Log'!$H$4:$H$404,'Daily Time Log'!$A$4:$A$404,C50)) -> 7.75
B51: 2 | C51: =IFERROR(DATE($F$5,$D$5,B51),"") -> 46267 | D51: =IF(C51="","",SUMIFS('Daily Time Log'!$H$4:$H$404,'Daily Time Log'!$A$4:$A$404,C51)) -> 1.25
B52: 3 | C52: =IFERROR(DATE($F$5,$D$5,B52),"") -> 46268 | D52: =IF(C52="","",SUMIFS('Daily Time Log'!$H$4:$H$404,'Daily Time Log'!$A$4:$A$404,C52)) -> 0
B53: 4 | C53: =IFERROR(DATE($F$5,$D$5,B53),"") -> 46269 | D53: =IF(C53="","",SUMIFS('Daily Time Log'!$H$4:$H$404,'Daily Time Log'!$A$4:$A$404,C53)) -> 0
B54: 5 | C54: =IFERROR(DATE($F$5,$D$5,B54),"") -> 46270 | D54: =IF(C54="","",SUMIFS('Daily Time Log'!$H$4:$H$404,'Daily Time Log'!$A$4:$A$404,C54)) -> 0
B55: 6 | C55: =IFERROR(DATE($F$5,$D$5,B55),"") -> 46271 | D55: =IF(C55="","",SUMIFS('Daily Time Log'!$H$4:$H$404,'Daily Time Log'!$A$4:$A$404,C55)) -> 0
B56: 7 | C56: =IFERROR(DATE($F$5,$D$5,B56),"") -> 46272 | D56: =IF(C56="","",SUMIFS('Daily Time Log'!$H$4:$H$404,'Daily Time Log'!$A$4:$A$404,C56)) -> 0
B57: 8 | C57: =IFERROR(DATE($F$5,$D$5,B57),"") -> 46273 | D57: =IF(C57="","",SUMIFS('Daily Time Log'!$H$4:$H$404,'Daily Time Log'!$A$4:$A$404,C57)) -> 0
B58: 9 | C58: =IFERROR(DATE($F$5,$D$5,B58),"") -> 46274 | D58: =IF(C58="","",SUMIFS('Daily Time Log'!$H$4:$H$404,'Daily Time Log'!$A$4:$A$404,C58)) -> 0
B59: 10 | C59: =IFERROR(DATE($F$5,$D$5,B59),"") -> 46275 | D59: =IF(C59="","",SUMIFS('Daily Time Log'!$H$4:$H$404,'Daily Time Log'!$A$4:$A$404,C59)) -> 0
B60: 11 | C60: =IFERROR(DATE($F$5,$D$5,B60),"") -> 46276 | D60: =IF(C60="","",SUMIFS('Daily Time Log'!$H$4:$H$404,'Daily Time Log'!$A$4:$A$404,C60)) -> 0
B61: 12 | C61: =IFERROR(DATE($F$5,$D$5,B61),"") -> 46277 | D61: =IF(C61="","",SUMIFS('Daily Time Log'!$H$4:$H$404,'Daily Time Log'!$A$4:$A$404,C61)) -> 0
... B80: 31 | C80: =IFERROR(DATE($F$5,$D$5,B80),"") -> 46296 | D80: =IF(C80="","",SUMIFS('Daily Time Log'!$H$4:$H$404,'Daily Time Log'!$A$4:$A$404,C80)) -> 0

Sheet Weekly 1-1 Log
A1: Weekly 1:1 / Team Meeting Log
A2: One row per person per week. Log their update, any blockers, and the follow-up action — then use it as your agenda for next week's check-in.
A3: Open / Unresolved Items: | C3: =COUNTIFS($J$6:$J$399,"No") -> 0 | D3: Blocked Right Now: | F3: =COUNTIFS($D$6:$D$399,"Blocked") -> 3
A5: Week Of | B5: Employee Name | C5: Task / Project | D5: Status | E5: Update Summary | F5: Challenges / Blockers | G5: Action Item | H5: Owner | I5: Target Date | J5: Resolved? | K5: Manager Notes
A6: 46265 | B6: Enter Name 1 | C6: Prod Linux patch rollout | D6: Completed | E6: EXAMPLE — Patched 8/12 servers this week, on schedule for Friday. | F6: Waiting on change window approval for 2 finance DB servers. | G6: Chase change approval with Finance IT lead | H6: Enter Name 1 | I6: 46269 | J6: Yes | K6: Follow up mid-week if approval hasn't come through.
A7: 46267 | B7: Shakti Thakur | C7: LMS Overview | D7: On Track | E7: LMS - Verify and Pending confirmation
A8: 46267 | B8: Shakti Thakur | C8: SBQ Backup - on Cloud Storage | D8: On Track | E8: SBQ Backup Automation
A9: 46267 | B9: Shakti Thakur | C9: SBQ.com Email account protection | D9: On Track | F9: Password rotation Mailenable not feature of MFA
A10: 46267 | B10: Aftab Shaikh | C10: Mail enable logs Adit with Wazuh | D10: On Track
A11: 46267 | B11: Aftab Shaikh | C11: Sentinel Test | D11: Blocked | F11: build Vs Purchase
A12: 46267 | B12: Aftab Shaikh | C12: Zabbix Reporting | D12: On Track
A13: 46267 | B13: Aftab Shaikh | C13: Gitlab Upgrade | D13: Blocked
A14: 46267 | B14: Aftab Shaikh | C14: Smartubl upgrade | D14: Blocked
A15: 46267 | B15: Aftab Shaikh | C15: Wazuh Audit - Log rotate and Space | D15: Completed | E15: Wazuh Upgrade, Log compression
A16: 46267 | B16: Soheb Shaikh | C16: Wazuh Agent Cleanup | D16: Completed
A17: 46267 | B17: Soheb Shaikh | C17: EasyTime Pro - Department update | D17: Completed
A18: 46267 | B18: Soheb Shaikh | C18: Prepare Macbook for Shivani once received Dispay replacement | D18: Completed
A19: 46267 | B19: Paras Lodaya | C19: Inventory Audit | D19: On Track
A20: 46267 | B20: Shubham Hawdiya | C20: Regular Task and Laptop Prepare | D20: Completed
A21: 46274 | B21: Soheb Shaikh | C21: Prepare Macbook for Karan (at Shivani home) | D21: Completed
A22: 46274 | B22: Soheb Shaikh | C22: Exit employee audit | D22: On Track | E22: Recheck Iicense and account | F22: Keka Search slowness
A23: 46274 | B23: Shakti Thakur | C23: Hosted Scan - Vulnerability Scan | D23: On Track | E23: Ports, Sites Vulnerabilities
A24: 46274 | B24: Aftab Shaikh | C24: Wzuh Portal Optimization | D24: On Track | E24: Ongoing now
A25: 46274 | B25: Aftab Shaikh | C25: Proxmox Patch | D25: Completed
A26: 46274 | B26: Soheb Shaikh | C26: Windows Installation Test | D26: Completed | E26: 11 and 2025
A27: 46274 | B27: Shubham Hawdiya | C27: Laptop Preparation - Lenovo | D27: Completed
A28: 46281 | B28: Shubham Hawdiya | C28: ACSI Laptop replacement | D28: Completed
A29: 46281 | B29: Aftab Shaikh | C29: Linux server Vulnerability Reporting | D29: On Track
A30: 46281 | B30: Shakti Thakur | C30: NL App migration Plan | D30: On Track
A31: 46281 | B31: Shubham Hawdiya | C31: Laptop Swaping Task - ACSI | D31: On Track | E31: 1 replaced out of 5
A32: 46288 | B32: Shakti Thakur | C32: Nerve Center - Endpoint Security | D32: On Track | E32: OTA updates and disk scan utility
A33: 46288 | B33: Shakti Thakur | C33: ZUID LMS | D33: On Track | E33: Report and Analysis testing
A34: 46288 | B34: Shakti Thakur | C34: NL Servers migration Plan | D34: On Track
A35: 46288 | B35: Shakti Thakur | C35: NL Servers License Quote | D35: Delayed | E35: Previder person on Leave and will be back on Thursday
